"GEO_ID","NAME","P9_001N","P9_002N","P9_003N","P9_004N","P9_005N","P9_006N","P9_007N","P9_008N","P9_009N","P9_010N","P9_011N","P9_012N","P9_013N","P9_014N","P9_015N","P9_016N","P9_017N","P9_018N","P9_019N","P9_020N","P9_021N","P9_022N","P9_023N","P9_024N","P9_025N","P9_026N","P9_027N","P9_028N","P9_029N","P9_030N","P9_031N","P9_032N","P9_033N","P9_034N","P9_035N","P9_036N","P9_037N","P9_038N","P9_039N","P9_040N","P9_041N","P9_042N","P9_043N","P9_044N","P9_045N","P9_046N","P9_047N","P9_048N","P9_049N","P9_050N","P9_051N","P9_052N","P9_053N","P9_054N","P9_055N","P9_056N","P9_057N","P9_058N","P9_059N","P9_060N","P9_061N","P9_062N","P9_063N","P9_064N","P9_065N","P9_066N","P9_067N","P9_068N","P9_069N","P9_070N","P9_071N","P9_072N","P9_073N",
"Geography","Geographic Area Name"," !!Total:"," !!Total:!!Hispanic or Latino"," !!Total:!!Not Hispanic or Latino:"," !!Total:!!Not Hispanic or Latino:!!Population of one race:"," !!Total:!!Not Hispanic or Latino:!!Population of one race:!!White alone"," !!Total:!!Not Hispanic or Latino:!!Population of one race:!!Black or African American alone"," !!Total:!!Not Hispanic or Latino:!!Population of one race:!!American Indian and Alaska Native alone"," !!Total:!!Not Hispanic or Latino:!!Population of one race:!!Asian alone"," !!Total:!!Not Hispanic or Latino:!!Population of one race:!!Native Hawaiian and Other Pacific Islander alone"," !!Total:!!Not Hispanic or Latino:!!Population of one race:!!Some Other Race alone"," !!Total:!!Not Hispanic or Latino:!!Population of two or more races:"," !!Total:!!Not Hispanic or Latino:!!Population of two or more races:!!Population of two races:"," !!Total:!!Not Hispanic or Latino:!!Population of two or more races:!!Population of two races:!!White; Black or African American"," !!Total:!!Not Hispanic or Latino:!!Population of two or more races:!!Population of two races:!!White; American Indian and Alaska Native"," !!Total:!!Not Hispanic or Latino:!!Population of two or more races:!!Population of two races:!!White; Asian"," !!Total:!!Not Hispanic or Latino:!!Population of two or more races:!!Population of two races:!!White; Native Hawaiian and Other Pacific Islander"," !!Total:!!Not Hispanic or Latino:!!Population of two or more races:!!Population of two races:!!White; Some Other Race"," !!Total:!!Not Hispanic or Latino:!!Population of two or more races:!!Population of two races:!!Black or African American; American Indian and Alaska Native"," !!Total:!!Not Hispanic or Latino:!!Population of two or more races:!!Population of two races:!!Black or African American; Asian"," !!Total:!!Not Hispanic or Latino:!!Population of two or more races:!!Population of two races:!!Black or African American; Native Hawaiian and Other Pacific Islander"," !!Total:!!Not Hispanic or Latino:!!Population of two or more races:!!Population of two races:!!Black or African American; Some Other Race"," !!Total:!!Not Hispanic or Latino:!!Population of two or more races:!!Population of two races:!!American Indian and Alaska Native; Asian"," !!Total:!!Not Hispanic or Latino:!!Population of two or more races:!!Population of two races:!!American Indian and Alaska Native; Native Hawaiian and Other Pacific Islander"," !!Total:!!Not Hispanic or Latino:!!Population of two or more races:!!Population of two races:!!American Indian and Alaska Native; Some Other Race"," !!Total:!!Not Hispanic or Latino:!!Population of two or more races:!!Population of two races:!!Asian; Native Hawaiian and Other Pacific Islander"," !!Total:!!Not Hispanic or Latino:!!Population of two or more races:!!Population of two races:!!Asian; Some Other Race"," !!Total:!!Not Hispanic or Latino:!!Population of two or more races:!!Population of two races:!!Native Hawaiian and Other Pacific Islander; Some Other Race"," !!Total:!!Not Hispanic or Latino:!!Population of two or more races:!!Population of three races:"," !!Total:!!Not Hispanic or Latino:!!Population of two or more races:!!Population of three races:!!White; Black or African American; American Indian and Alaska Native"," !!Total:!!Not Hispanic or Latino:!!Population of two or more races:!!Population of three races:!!White; Black or African American; Asian"," !!Total:!!Not Hispanic or Latino:!!Population of two or more races:!!Population of three races:!!White; Black or African American; Native Hawaiian and Other Pacific Islander"," !!Total:!!Not Hispanic or Latino:!!Population of two or more races:!!Population of three races:!!White; Black or African American; Some Other Race"," !!Total:!!Not Hispanic or Latino:!!Population of two or more races:!!Population of three races:!!White; American Indian and Alaska Native; Asian"," !!Total:!!Not Hispanic or Latino:!!Population of two or more races:!!Population of three races:!!White; American Indian and Alaska Native; Native Hawaiian and Other Pacific Islander"," !!Total:!!Not Hispanic or Latino:!!Population of two or more races:!!Population of three races:!!White; American Indian and Alaska Native; Some Other Race"," !!Total:!!Not Hispanic or Latino:!!Population of two or more races:!!Population of three races:!!White; Asian; Native Hawaiian and Other Pacific Islander"," !!Total:!!Not Hispanic or Latino:!!Population of two or more races:!!Population of three races:!!White; Asian; Some Other Race"," !!Total:!!Not Hispanic or Latino:!!Population of two or more races:!!Population of three races:!!White; Native Hawaiian and Other Pacific Islander; Some Other Race"," !!Total:!!Not Hispanic or Latino:!!Population of two or more races:!!Population of three races:!!Black or African American; American Indian and Alaska Native; Asian"," !!Total:!!Not Hispanic or Latino:!!Population of two or more races:!!Population of three races:!!Black or African American; American Indian and Alaska Native; Native Hawaiian and Other Pacific Islander"," !!Total:!!Not Hispanic or Latino:!!Population of two or more races:!!Population of three races:!!Black or African American; American Indian and Alaska Native; Some Other Race"," !!Total:!!Not Hispanic or Latino:!!Population of two or more races:!!Population of three races:!!Black or African American; Asian; Native Hawaiian and Other Pacific Islander"," !!Total:!!Not Hispanic or Latino:!!Population of two or more races:!!Population of three races:!!Black or African American; Asian; Some Other Race"," !!Total:!!Not Hispanic or Latino:!!Population of two or more races:!!Population of three races:!!Black or African American; Native Hawaiian and Other Pacific Islander; Some Other Race"," !!Total:!!Not Hispanic or Latino:!!Population of two or more races:!!Population of three races:!!American Indian and Alaska Native; Asian; Native Hawaiian and Other Pacific Islander"," !!Total:!!Not Hispanic or Latino:!!Population of two or more races:!!Population of three races:!!American Indian and Alaska Native; Asian; Some Other Race"," !!Total:!!Not Hispanic or Latino:!!Population of two or more races:!!Population of three races:!!American Indian and Alaska Native; Native Hawaiian and Other Pacific Islander; Some Other Race"," !!Total:!!Not Hispanic or Latino:!!Population of two or more races:!!Population of three races:!!Asian; Native Hawaiian and Other Pacific Islander; Some Other Race"," !!Total:!!Not Hispanic or Latino:!!Population of two or more races:!!Population of four races:"," !!Total:!!Not Hispanic or Latino:!!Population of two or more races:!!Population of four races:!!White; Black or African American; American Indian and Alaska Native; Asian"," !!Total:!!Not Hispanic or Latino:!!Population of two or more races:!!Population of four races:!!White; Black or African American; American Indian and Alaska Native; Native Hawaiian and Other Pacific Islander"," !!Total:!!Not Hispanic or Latino:!!Population of two or more races:!!Population of four races:!!White; Black or African American; American Indian and Alaska Native; Some Other Race"," !!Total:!!Not Hispanic or Latino:!!Population of two or more races:!!Population of four races:!!White; Black or African American; Asian; Native Hawaiian and Other Pacific Islander"," !!Total:!!Not Hispanic or Latino:!!Population of two or more races:!!Population of four races:!!White; Black or African American; Asian; Some Other Race"," !!Total:!!Not Hispanic or Latino:!!Population of two or more races:!!Population of four races:!!White; Black or African American; Native Hawaiian and Other Pacific Islander; Some Other Race"," !!Total:!!Not Hispanic or Latino:!!Population of two or more races:!!Population of four races:!!White; American Indian and Alaska Native; Asian; Native Hawaiian and Other Pacific Islander"," !!Total:!!Not Hispanic or Latino:!!Population of two or more races:!!Population of four races:!!White; American Indian and Alaska Native; Asian; Some Other Race"," !!Total:!!Not Hispanic or Latino:!!Population of two or more races:!!Population of four races:!!White; American Indian and Alaska Native; Native Hawaiian and Other Pacific Islander; Some Other Race"," !!Total:!!Not Hispanic or Latino:!!Population of two or more races:!!Population of four races:!!White; Asian; Native Hawaiian and Other Pacific Islander; Some Other Race"," !!Total:!!Not Hispanic or Latino:!!Population of two or more races:!!Population of four races:!!Black or African American; American Indian and Alaska Native; Asian; Native Hawaiian and Other Pacific Islander"," !!Total:!!Not Hispanic or Latino:!!Population of two or more races:!!Population of four races:!!Black or African American; American Indian and Alaska Native; Asian; Some Other Race"," !!Total:!!Not Hispanic or Latino:!!Population of two or more races:!!Population of four races:!!Black or African American; American Indian and Alaska Native; Native Hawaiian and Other Pacific Islander; Some Other Race"," !!Total:!!Not Hispanic or Latino:!!Population of two or more races:!!Population of four races:!!Black or African American; Asian; Native Hawaiian and Other Pacific Islander; Some Other Race"," !!Total:!!Not Hispanic or Latino:!!Population of two or more races:!!Population of four races:!!American Indian and Alaska Native; Asian; Native Hawaiian and Other Pacific Islander; Some Other Race"," !!Total:!!Not Hispanic or Latino:!!Population of two or more races:!!Population of five races:"," !!Total:!!Not Hispanic or Latino:!!Population of two or more races:!!Population of five races:!!White; Black or African American; American Indian and Alaska Native; Asian; Native Hawaiian and Other Pacific Islander"," !!Total:!!Not Hispanic or Latino:!!Population of two or more races:!!Population of five races:!!White; Black or African American; American Indian and Alaska Native; Asian; Some Other Race"," !!Total:!!Not Hispanic or Latino:!!Population of two or more races:!!Population of five races:!!White; Black or African American; American Indian and Alaska Native; Native Hawaiian and Other Pacific Islander; Some Other Race"," !!Total:!!Not Hispanic or Latino:!!Population of two or more races:!!Population of five races:!!White; Black or African American; Asian; Native Hawaiian and Other Pacific Islander; Some Other Race"," !!Total:!!Not Hispanic or Latino:!!Population of two or more races:!!Population of five races:!!White; American Indian and Alaska Native; Asian; Native Hawaiian and Other Pacific Islander; Some Other Race"," !!Total:!!Not Hispanic or Latino:!!Population of two or more races:!!Population of five races:!!Black or African American; American Indian and Alaska Native; Asian; Native Hawaiian and Other Pacific Islander; Some Other Race"," !!Total:!!Not Hispanic or Latino:!!Population of two or more races:!!Population of six races:"," !!Total:!!Not Hispanic or Latino:!!Population of two or more races:!!Population of six races:!!White; Black or African American; American Indian and Alaska Native; Asian; Native Hawaiian and Other Pacific Islander; Some Other Race",
"0500000US27001","Aitkin County, Minnesota","15697","220","15477","14977","14479","58","376","38","1","25","500","486","54","221","36","1","169","1","0","0","2","0","0","0","0","0","2","14","2","0","0","3","1","0","0","7","0","0","0","0","0","0","0","0","0","0","0","1","0","0","0","0","0","0","0","0","0","0","0","0","0","0","0","0","0","0","0","0","0","0","0","0","0",
"0500000US27003","Anoka County, Minnesota","363887","19506","344381","327147","276205","28378","1912","19158","93","1401","17234","16198","4109","4564","3305","104","3307","237","165","9","139","31","3","13","110","83","19","979","545","137","6","41","82","7","29","87","9","8","10","1","1","4","8","0","3","0","0","1","53","29","5","12","1","2","0","1","1","0","0","0","0","2","0","0","4","0","3","0","1","0","0","0","0",
"0500000US27005","Becker County, Minnesota","35183","575","34608","32527","29645","200","2417","156","9","100","2081","2021","108","1482","107","7","288","22","0","0","1","6","0","0","0","0","0","59","31","0","6","0","1","3","1","3","0","0","4","0","0","5","0","0","0","0","0","5","0","0","0","0","0","0","0","0","0","0","0","0","0","0","0","0","1","0","1","0","0","0","0","0","0",
"0500000US27007","Beltrami County, Minnesota","46228","1108","45120","42579","32445","519","9198","268","15","134","2541","2411","211","1444","178","0","463","63","4","0","3","35","2","1","7","0","0","130","67","6","2","8","19","7","2","10","0","2","0","0","0","4","0","0","1","0","0","2","0","0","0","0","0","0","0","0","0","0","0","0","0","0","0","0","0","0","0","0","0","0","0","0","0",
"0500000US27009","Benton County, Minnesota","41379","1216","40163","38576","35821","1991","184","463","8","109","1587","1477","387","466","228","12","329","36","2","3","13","0","0","0","0","0","1","73","53","4","2","0","8","0","0","4","2","0","0","0","0","0","0","0","0","0","0","0","37","4","0","0","0","32","0","0","0","0","0","0","1","0","0","0","0","0","0","0","0","0","0","0","0",
"0500000US27011","Big Stone County, Minnesota","5166","140","5026","4912","4809","19","34","12","4","34","114","96","26","41","0","0","18","5","3","0","0","2","0","0","1","0","0","13","4","0","0","0","0","3","1","0","3","0","2","0","0","0","0","0","0","0","0","0","5","0","5","0","0","0","0","0","0","0","0","0","0","0","0","0","0","0","0","0","0","0","0","0","0",
"0500000US27013","Blue Earth County, Minnesota","69112","3221","65891","63408","57222","3873","208","1834","24","247","2483","2411","722","598","502","31","458","21","17","1","31","5","0","5","18","0","2","60","35","5","0","1","0","0","1","9","4","0","0","0","0","0","0","0","0","0","0","5","5","5","0","0","0","0","0","0","0","0","0","0","0","0","0","0","7","7","0","0","0","0","0","0","0",
"0500000US27015","Brown County, Minnesota","25912","1171","24741","24277","23968","118","39","126","6","20","464","449","90","146","61","1","132","15","0","0","0","0","0","3","1","0","0","11","11","0","0","0","0","0","0","0","0","0","0","0","0","0","0","0","0","0","0","0","3","1","2","0","0","0","0","0","0","0","0","0","0","0","0","0","0","0","0","0","0","0","0","1","1",
"0500000US27017","Carlton County, Minnesota","36207","612","35595","33864","30910","556","2148","153","12","85","1731","1684","147","983","143","21","319","32","0","3","1","2","0","4","29","0","0","45","18","4","1","7","8","0","1","2","0","1","2","0","0","0","1","0","0","0","0","0","1","0","0","0","0","1","0","0","0","0","0","0","0","0","0","0","1","0","1","0","0","0","0","0","0",
"0500000US27019","Carver County, Minnesota","106922","5308","101614","97725","91443","2173","193","3617","15","284","3889","3742","692","837","1070","26","1002","22","27","1","31","0","0","4","14","16","0","134","62","12","3","20","17","0","0","18","0","0","0","0","0","0","0","0","2","0","0","0","13","4","2","0","0","0","0","0","0","0","0","3","4","0","0","0","0","0","0","0","0","0","0","0","0",
"0500000US27021","Cass County, Minnesota","30066","426","29640","28370","24675","64","3424","111","0","96","1270","1216","73","691","71","6","309","44","11","0","0","5","4","2","0","0","0","54","35","1","0","8","5","3","0","2","0","0","0","0","0","0","0","0","0","0","0","0","0","0","0","0","0","0","0","0","0","0","0","0","0","0","0","0","0","0","0","0","0","0","0","0","0",
"0500000US27023","Chippewa County, Minnesota","12598","1243","11355","11039","10473","75","102","44","296","49","316","296","60","144","20","0","60","1","0","0","0","8","0","3","0","0","0","16","5","1","0","0","8","0","2","0","0","0","0","0","0","0","0","0","0","0","0","0","4","0","0","0","0","3","0","1","0","0","0","0","0","0","0","0","0","0","0","0","0","0","0","0","0",
"0500000US27025","Chisago County, Minnesota","56621","1451","55170","52914","50804","845","309","768","3","185","2256","2163","304","823","280","21","689","11","0","0","4","6","0","0","25","0","0","84","38","5","0","4","8","0","3","22","4","0","0","0","0","0","0","0","0","0","0","0","8","1","0","4","0","0","0","2","0","0","0","1","0","0","0","0","0","0","0","0","0","0","0","1","1",
"0500000US27027","Clay County, Minnesota","65318","3011","62307","59511","54424","3141","1032","764","16","134","2796","2679","501","1112","382","27","561","63","6","0","9","5","1","0","10","0","2","101","55","4","0","3","11","12","2","12","2","0","0","0","0","0","0","0","0","0","0","0","15","3","0","2","5","0","0","5","0","0","0","0","0","0","0","0","1","1","0","0","0","0","0","0","0",
"0500000US27029","Clearwater County, Minnesota","8524","101","8423","7969","7151","19","752","23","2","22","454","436","44","300","12","5","65","5","1","3","0","0","0","0","0","1","0","15","5","3","0","0","3","0","0","2","0","0","2","0","0","0","0","0","0","0","0","0","0","0","0","0","0","0","0","0","0","0","0","0","0","0","0","0","3","3","0","0","0","0","0","0","0",
"0500000US27031","Cook County, Minnesota","5600","123","5477","5219","4670","25","450","48","1","25","258","247","15","144","12","0","64","0","0","4","1","6","0","1","0","0","0","11","1","5","4","0","0","1","0","0","0","0","0","0","0","0","0","0","0","0","0","0","0","0","0","0","0","0","0","0","0","0","0","0","0","0","0","0","0","0","0","0","0","0","0","0","0",
"0500000US27033","Cottonwood County, Minnesota","11517","1115","10402","10072","9418","135","25","361","80","53","330","302","41","99","80","0","70","0","0","1","0","0","2","0","9","0","0","24","4","0","1","0","12","1","0","5","1","0","0","0","0","0","0","0","0","0","0","0","4","0","0","0","0","0","0","4","0","0","0","0","0","0","0","0","0","0","0","0","0","0","0","0","0",
"0500000US27035","Crow Wing County, Minnesota","66123","912","65211","62849","61252","383","623","332","19","240","2362","2283","364","852","265","31","744","12","0","0","4","2","0","1","4","4","0","76","39","3","0","4","6","0","9","11","4","0","0","0","0","0","0","0","0","0","0","0","3","0","0","0","0","1","0","0","0","0","0","0","2","0","0","0","0","0","0","0","0","0","0","0","0",
"0500000US27037","Dakota County, Minnesota","439882","36305","403577","383570","323629","32191","1490","23932","184","2144","20007","18915","5476","3952","4384","192","3787","253","277","39","231","61","0","7","101","137","18","1022","517","193","2","69","68","8","13","96","17","0","6","6","6","6","9","1","0","3","0","2","68","30","4","21","7","0","1","4","0","0","1","0","0","0","0","0","2","1","1","0","0","0","0","0","0",
"0500000US27039","Dodge County, Minnesota","20867","1057","19810","19140","18807","126","37","104","1","65","670","627","77","200","127","8","206","0","5","0","4","0","0","0","0","0","0","39","14","12","0","7","0","0","1","1","0","4","0","0","0","0","0","0","0","0","0","0","4","0","0","0","0","0","0","4","0","0","0","0","0","0","0","0","0","0","0","0","0","0","0","0","0",
"0500000US27041","Douglas County, Minnesota","39006","815","38191","37254","36629","223","104","227","11","60","937","912","184","302","128","12","270","0","1","1","0","6","0","0","8","0","0","24","14","5","1","0","1","0","0","3","0","0","0","0","0","0","0","0","0","0","0","0","1","0","0","1","0","0","0","0","0","0","0","0","0","0","0","0","0","0","0","0","0","0","0","0","0",
"0500000US27043","Faribault County, Minnesota","13921","1013","12908","12599","12402","55","58","45","0","39","309","294","58","110","31","0","88","1","0","0","2","0","0","0","0","4","0","9","0","8","0","0","0","0","0","1","0","0","0","0","0","0","0","0","0","0","0","0","3","0","0","2","1","0","0","0","0","0","0","0","0","0","0","0","0","0","0","0","0","0","0","3","3",
"0500000US27045","Fillmore County, Minnesota","21228","341","20887","20416","20173","98","7","71","2","65","471","461","65","155","61","3","163","4","0","0","1","4","0","0","5","0","0","10","3","2","0","0","5","0","0","0","0","0","0","0","0","0","0","0","0","0","0","0","0","0","0","0","0","0","0","0","0","0","0","0","0","0","0","0","0","0","0","0","0","0","0","0","0",
"0500000US27047","Freeborn County, Minnesota","30895","3183","27712","26826","25071","460","76","1135","5","79","886","870","165","258","132","7","296","2","0","2","0","3","0","5","0","0","0","12","8","0","0","2","0","0","1","0","0","0","1","0","0","0","0","0","0","0","0","0","4","0","0","2","0","0","0","0","0","0","1","1","0","0","0","0","0","0","0","0","0","0","0","0","0",
"0500000US27049","Goodhue County, Minnesota","47582","1797","45785","44253","42516","661","540","348","33","155","1532","1437","349","452","171","12","430","14","0","0","2","0","2","0","1","4","0","95","59","0","4","0","16","1","0","7","6","0","0","0","0","0","0","0","0","0","0","2","0","0","0","0","0","0","0","0","0","0","0","0","0","0","0","0","0","0","0","0","0","0","0","0","0",
"0500000US27051","Grant County, Minnesota","6074","135","5939","5764","5699","13","27","14","7","4","175","158","29","61","14","4","46","0","1","0","0","0","0","0","1","0","2","12","1","3","0","0","4","0","0","0","0","2","0","0","0","0","0","0","2","0","0","0","2","0","0","0","0","2","0","0","0","0","0","0","0","0","0","0","3","3","0","0","0","0","0","0","0",
"0500000US27053","Hennepin County, Minnesota","1281565","98250","1183315","1122327","840845","169603","8016","97348","388","6127","60988","56582","17404","9704","14017","383","9937","1929","1012","108","1087","161","18","33","318","393","78","4065","2334","599","72","267","247","7","54","271","76","3","49","19","23","18","19","0","1","2","0","4","307","141","18","78","20","20","0","26","3","0","1","0","0","0","0","0","30","16","14","0","0","0","0","4","4",
"0500000US27055","Houston County, Minnesota","18843","243","18600","18108","17840","90","42","101","4","31","492","468","110","165","68","6","109","6","0","0","2","0","1","1","0","0","0","22","11","0","0","0","9","0","0","2","0","0","0","0","0","0","0","0","0","0","0","0","2","0","2","0","0","0","0","0","0","0","0","0","0","0","0","0","0","0","0","0","0","0","0","0","0",
"0500000US27057","Hubbard County, Minnesota","21344","489","20855","19915","19139","82","560","66","12","56","940","887","97","488","67","1","198","13","7","0","0","0","5","0","11","0","0","48","27","0","0","1","13","0","3","3","0","0","0","0","0","0","0","0","1","0","0","0","1","0","0","0","0","0","0","0","0","0","0","1","0","0","0","0","4","4","0","0","0","0","0","0","0",
"0500000US27059","Isanti County, Minnesota","41135","896","40239","38729","37559","314","201","488","13","154","1510","1456","231","562","208","3","433","8","0","4","2","0","0","0","5","0","0","53","21","1","3","0","6","0","4","11","1","1","0","0","5","0","0","0","0","0","0","0","1","0","0","0","0","0","0","0","0","0","0","0","1","0","0","0","0","0","0","0","0","0","0","0","0",
"0500000US27061","Itasca County, Minnesota","45014","618","44396","42109","40166","174","1497","145","2","125","2287","2220","185","1304","155","15","528","10","5","1","4","0","3","0","7","3","0","65","30","4","0","0","15","2","4","5","1","0","2","1","0","0","0","0","0","1","0","0","1","0","1","0","0","0","0","0","0","0","0","0","0","0","0","0","1","0","0","0","0","0","1","0","0",
"0500000US27063","Jackson County, Minnesota","9989","401","9588","9313","9026","120","22","122","0","23","275","249","45","71","61","0","60","0","5","0","1","1","0","0","2","3","0","26","7","1","0","0","3","0","5","0","5","0","0","0","0","0","5","0","0","0","0","0","0","0","0","0","0","0","0","0","0","0","0","0","0","0","0","0","0","0","0","0","0","0","0","0","0",
"0500000US27065","Kanabec County, Minnesota","16032","238","15794","15227","14954","65","113","80","0","15","567","544","57","214","58","1","209","4","0","0","0","1","0","0","0","0","0","21","3","1","0","1","1","0","9","6","0","0","0","0","0","0","0","0","0","0","0","0","2","1","0","1","0","0","0","0","0","0","0","0","0","0","0","0","0","0","0","0","0","0","0","0","0",
"0500000US27067","Kandiyohi County, Minnesota","43732","5916","37816","36757","33303","2618","115","586","37","98","1059","1007","153","289","121","15","403","18","0","0","1","2","2","0","3","0","0","47","32","0","0","0","3","3","1","5","0","0","0","3","0","0","0","0","0","0","0","0","5","0","0","2","0","2","0","0","1","0","0","0","0","0","0","0","0","0","0","0","0","0","0","0","0",
"0500000US27069","Kittson County, Minnesota","4207","83","4124","4027","3974","1","15","17","6","14","97","76","13","26","9","0","16","0","3","0","3","0","0","0","6","0","0","16","13","0","0","0","0","0","0","2","0","0","0","0","0","0","1","0","0","0","0","0","5","0","0","5","0","0","0","0","0","0","0","0","0","0","0","0","0","0","0","0","0","0","0","0","0",
"0500000US27071","Koochiching County, Minnesota","12062","167","11895","11318","10920","44","278","34","12","30","577","564","54","333","29","1","140","5","0","0","2","0","0","0","0","0","0","10","5","0","0","0","0","1","0","3","0","0","0","0","1","0","0","0","0","0","0","0","2","2","0","0","0","0","0","0","0","0","0","0","0","0","0","0","1","0","1","0","0","0","0","0","0",
"0500000US27073","Lac qui Parle County, Minnesota","6719","202","6517","6342","6244","32","10","40","0","16","175","169","25","63","21","3","56","0","0","0","0","0","0","0","0","0","1","3","1","0","1","0","0","0","0","1","0","0","0","0","0","0","0","0","0","0","0","0","3","2","0","0","0","0","0","1","0","0","0","0","0","0","0","0","0","0","0","0","0","0","0","0","0",
"0500000US27075","Lake County, Minnesota","10905","113","10792","10427","10281","11","50","55","0","30","365","353","30","145","23","7","142","0","4","0","0","0","0","0","2","0","0","5","0","3","2","0","0","0","0","0","0","0","0","0","0","0","0","0","0","0","0","0","6","0","0","6","0","0","0","0","0","0","0","0","0","0","0","0","1","0","1","0","0","0","0","0","0",
"0500000US27077","Lake of the Woods County, Minnesota","3763","56","3707","3558","3497","12","19","17","0","13","149","129","11","61","29","0","25","0","0","0","3","0","0","0","0","0","0","12","2","0","0","4","4","1","1","0","0","0","0","0","0","0","0","0","0","0","0","0","6","0","0","1","0","0","0","5","0","0","0","0","0","0","0","0","2","2","0","0","0","0","0","0","0",
"0500000US27079","Le Sueur County, Minnesota","28674","1872","26802","26004","25463","262","67","134","20","58","798","772","113","282","128","5","230","3","0","0","7","1","0","1","2","0","0","21","13","0","0","1","4","1","0","2","0","0","0","0","0","0","0","0","0","0","0","0","4","0","0","0","0","1","0","3","0","0","0","0","0","0","0","0","1","1","0","0","0","0","0","0","0",
"0500000US27081","Lincoln County, Minnesota","5640","107","5533","5414","5368","10","11","22","0","3","119","109","14","37","13","0","33","4","7","0","0","0","0","1","0","0","0","7","0","2","0","0","4","0","0","1","0","0","0","0","0","0","0","0","0","0","0","0","3","0","0","0","3","0","0","0","0","0","0","0","0","0","0","0","0","0","0","0","0","0","0","0","0",
"0500000US27083","Lyon County, Minnesota","25269","1744","23525","22832","20535","906","84","1263","3","41","693","659","189","221","83","0","150","3","9","1","2","1","0","0","0","0","0","29","6","4","0","5","0","0","2","7","0","2","0","1","0","0","0","0","0","0","0","2","5","0","3","0","0","0","0","0","0","0","0","2","0","0","0","0","0","0","0","0","0","0","0","0","0",
"0500000US27085","McLeod County, Minnesota","36771","2555","34216","33208","32559","226","102","230","27","64","1008","962","158","336","130","10","306","1","12","0","5","0","2","0","0","2","0","43","17","1","0","0","11","0","2","4","5","0","0","0","0","3","0","0","0","0","0","0","3","0","0","1","0","0","0","0","2","0","0","0","0","0","0","0","0","0","0","0","0","0","0","0","0",
"0500000US27087","Mahnomen County, Minnesota","5411","154","5257","4566","2278","8","2256","7","0","17","691","680","9","630","6","0","19","14","0","0","0","0","2","0","0","0","0","11","11","0","0","0","0","0","0","0","0","0","0","0","0","0","0","0","0","0","0","0","0","0","0","0","0","0","0","0","0","0","0","0","0","0","0","0","0","0","0","0","0","0","0","0","0",
"0500000US27089","Marshall County, Minnesota","9040","390","8650","8414","8332","12","29","19","0","22","236","234","20","140","19","4","47","0","0","0","0","0","0","0","4","0","0","2","0","0","0","0","0","0","0","2","0","0","0","0","0","0","0","0","0","0","0","0","0","0","0","0","0","0","0","0","0","0","0","0","0","0","0","0","0","0","0","0","0","0","0","0","0",
"0500000US27091","Martin County, Minnesota","20025","1320","18705","18235","17947","112","32","92","6","46","470","437","83","139","77","6","126","0","3","0","0","3","0","0","0","0","0","27","16","2","0","3","3","0","0","2","0","0","0","1","0","0","0","0","0","0","0","0","6","2","4","0","0","0","0","0","0","0","0","0","0","0","0","0","0","0","0","0","0","0","0","0","0",
"0500000US27093","Meeker County, Minnesota","23400","950","22450","21858","21618","93","37","59","2","49","592","571","62","234","35","17","205","2","0","3","8","0","0","0","0","5","0","15","11","0","0","0","2","0","2","0","0","0","0","0","0","0","0","0","0","0","0","0","6","0","0","0","2","4","0","0","0","0","0","0","0","0","0","0","0","0","0","0","0","0","0","0","0",
"0500000US27095","Mille Lacs County, Minnesota","26459","481","25978","24903","23131","78","1466","124","6","98","1075","1048","118","460","101","0","313","32","5","0","2","3","0","2","8","4","0","16","9","0","0","0","3","0","0","4","0","0","0","0","0","0","0","0","0","0","0","0","8","5","0","0","0","0","0","0","0","0","1","2","0","0","0","0","3","0","3","0","0","0","0","0","0",
"0500000US27097","Morrison County, Minnesota","34010","633","33377","32486","32032","179","111","102","5","57","891","875","152","384","79","4","241","8","0","1","5","0","1","0","0","0","0","15","9","0","0","3","2","0","0","0","0","0","0","0","0","0","0","0","0","1","0","0","0","0","0","0","0","0","0","0","0","0","0","0","0","0","0","0","0","0","0","0","0","0","0","1","1",
"0500000US27099","Mower County, Minnesota","40029","5081","34948","33904","29804","1613","57","2052","255","123","1044","1002","259","245","155","11","299","5","0","6","2","4","0","0","3","7","6","41","24","0","0","6","3","0","1","7","0","0","0","0","0","0","0","0","0","0","0","0","1","0","0","0","0","0","0","1","0","0","0","0","0","0","0","0","0","0","0","0","0","0","0","0","0",
"0500000US27101","Murray County, Minnesota","8179","382","7797","7633","7483","26","9","105","3","7","164","162","28","59","12","0","57","0","0","1","0","0","0","0","2","2","1","0","0","0","0","0","0","0","0","0","0","0","0","0","0","0","0","0","0","0","0","0","2","0","0","0","0","2","0","0","0","0","0","0","0","0","0","0","0","0","0","0","0","0","0","0","0",
"0500000US27103","Nicollet County, Minnesota","34454","1800","32654","31739","29287","1672","141","558","10","71","915","882","224","250","146","12","228","13","4","0","0","0","0","0","2","2","1","30","19","0","0","4","4","0","0","2","0","1","0","0","0","0","0","0","0","0","0","0","2","0","0","2","0","0","0","0","0","0","0","0","0","0","0","0","0","0","0","0","0","0","0","1","1",
"0500000US27105","Nobles County, Minnesota","22290","7271","15019","14603","12147","978","66","1329","41","42","416","399","86","88","116","5","73","3","9","0","0","8","0","4","7","0","0","17","8","6","0","0","3","0","0","0","0","0","0","0","0","0","0","0","0","0","0","0","0","0","0","0","0","0","0","0","0","0","0","0","0","0","0","0","0","0","0","0","0","0","0","0","0",
"0500000US27107","Norman County, Minnesota","6441","288","6153","5884","5702","17","115","18","0","32","269","242","21","158","9","0","51","2","0","0","0","0","0","0","1","0","0","24","10","0","0","0","6","0","0","7","0","0","0","0","0","1","0","0","0","0","0","0","3","0","0","0","0","0","0","3","0","0","0","0","0","0","0","0","0","0","0","0","0","0","0","0","0",
"0500000US27109","Olmsted County, Minnesota","162847","9196","153651","146901","124758","10959","380","10190","66","548","6750","6425","1577","1344","1822","48","1374","50","79","11","55","8","0","0","16","37","4","313","101","81","9","28","40","0","3","46","4","0","0","0","0","1","0","0","0","0","0","0","12","11","0","1","0","0","0","0","0","0","0","0","0","0","0","0","0","0","0","0","0","0","0","0","0",
"0500000US27111","Otter Tail County, Minnesota","60081","2216","57865","55989","54362","843","284","334","17","149","1876","1804","233","690","224","27","606","8","3","2","7","0","0","0","0","4","0","53","33","0","1","0","5","0","13","0","0","0","0","0","0","0","1","0","0","0","0","0","18","8","0","4","6","0","0","0","0","0","0","0","0","0","0","0","1","1","0","0","0","0","0","0","0",
"0500000US27113","Pennington County, Minnesota","13992","671","13321","12759","12241","177","166","121","6","48","562","529","69","313","52","4","70","15","0","0","0","1","2","0","3","0","0","32","8","3","3","2","9","2","1","4","0","0","0","0","0","0","0","0","0","0","0","0","0","0","0","0","0","0","0","0","0","0","0","0","0","0","0","0","1","1","0","0","0","0","0","0","0",
"0500000US27115","Pine County, Minnesota","28876","713","28163","26918","25119","470","966","264","1","98","1245","1154","113","535","86","6","365","28","0","2","0","4","3","4","7","0","1","82","56","0","0","2","7","6","2","7","0","0","0","2","0","0","0","0","0","0","0","0","6","5","0","0","0","0","0","0","0","0","0","0","0","1","0","0","3","0","3","0","0","0","0","0","0",
"0500000US27117","Pipestone County, Minnesota","9424","804","8620","8349","8057","107","100","66","0","19","271","252","61","133","22","0","28","4","1","0","0","0","0","0","2","1","0","19","13","0","4","0","0","1","0","0","0","0","1","0","0","0","0","0","0","0","0","0","0","0","0","0","0","0","0","0","0","0","0","0","0","0","0","0","0","0","0","0","0","0","0","0","0",
"0500000US27119","Polk County, Minnesota","31192","1999","29193","28103","26538","958","376","156","4","71","1090","1031","125","574","125","14","168","2","1","0","0","0","0","0","17","5","0","56","16","17","0","9","0","1","9","4","0","0","0","0","0","0","0","0","0","0","0","0","3","0","0","0","0","0","0","3","0","0","0","0","0","0","0","0","0","0","0","0","0","0","0","0","0",
"0500000US27121","Pope County, Minnesota","11308","191","11117","10882","10751","34","27","50","0","20","235","229","42","70","26","0","87","0","0","0","2","0","0","0","1","1","0","6","0","2","2","0","1","0","0","0","0","0","0","1","0","0","0","0","0","0","0","0","0","0","0","0","0","0","0","0","0","0","0","0","0","0","0","0","0","0","0","0","0","0","0","0","0",
"0500000US27123","Ramsey County, Minnesota","552352","45034","507318","481820","320477","70101","2914","85775","214","2339","25498","23612","7593","4611","5088","156","3788","885","440","32","332","170","14","19","342","140","2","1783","1077","271","16","79","112","13","20","89","29","1","29","0","14","9","4","0","1","0","0","19","89","43","1","26","3","13","0","1","0","0","0","2","0","0","0","0","13","7","6","0","0","0","0","1","1",
"0500000US27125","Red Lake County, Minnesota","3935","103","3832","3719","3625","15","57","5","3","14","113","101","19","54","5","0","17","0","1","1","0","4","0","0","0","0","0","8","0","0","0","0","3","1","0","2","0","0","1","0","0","0","1","0","0","0","0","0","4","0","0","0","0","1","0","0","0","0","0","0","3","0","0","0","0","0","0","0","0","0","0","0","0",
"0500000US27127","Redwood County, Minnesota","15425","496","14929","14404","13123","76","774","414","1","16","525","488","51","275","63","10","63","7","4","0","2","0","0","2","5","6","0","35","11","0","0","2","9","3","0","3","3","0","0","2","0","0","0","0","2","0","0","0","2","0","0","1","0","0","0","0","0","0","0","1","0","0","0","0","0","0","0","0","0","0","0","0","0",
"0500000US27129","Renville County, Minnesota","14723","1319","13404","13022","12766","60","103","61","5","27","382","357","47","118","49","3","129","2","0","0","0","9","0","0","0","0","0","23","2","6","1","6","4","0","0","4","0","0","0","0","0","0","0","0","0","0","0","0","2","0","2","0","0","0","0","0","0","0","0","0","0","0","0","0","0","0","0","0","0","0","0","0","0",
"0500000US27131","Rice County, Minnesota","67097","6783","60314","58162","51523","4353","297","1554","10","425","2152","2098","431","540","373","20","602","19","8","5","17","2","3","0","64","12","2","43","30","2","2","5","1","0","0","0","1","0","0","0","0","1","0","0","1","0","0","0","11","0","0","1","3","0","0","7","0","0","0","0","0","0","0","0","0","0","0","0","0","0","0","0","0",
"0500000US27133","Rock County, Minnesota","9704","364","9340","9056","8886","50","48","62","10","0","284","254","61","112","27","2","51","0","0","0","0","0","0","0","0","1","0","17","11","1","0","0","2","0","0","0","0","0","0","0","0","0","0","0","3","0","0","0","10","0","0","0","0","0","0","5","2","0","0","0","3","0","0","0","0","0","0","0","0","0","0","3","3",
"0500000US27135","Roseau County, Minnesota","15331","238","15093","14478","13700","85","229","398","10","56","615","589","52","228","70","4","207","5","3","4","6","5","0","0","0","5","0","22","7","3","0","0","6","5","1","0","0","0","0","0","0","0","0","0","0","0","0","0","4","0","0","0","1","3","0","0","0","0","0","0","0","0","0","0","0","0","0","0","0","0","0","0","0",
"0500000US27137","St. Louis County, Minnesota","200231","3603","196628","187030","176112","4075","4305","1901","58","579","9598","9143","1567","4148","1008","88","2009","180","17","5","34","22","11","14","34","4","2","432","273","24","15","11","31","9","15","30","9","3","4","0","0","1","0","0","7","0","0","0","20","16","1","0","0","0","2","0","0","0","0","0","0","1","0","0","3","3","0","0","0","0","0","0","0",
"0500000US27139","Scott County, Minnesota","150928","9008","141920","135783","115630","8137","1406","9939","64","607","6137","5810","1263","1329","1464","67","1359","74","101","0","56","19","0","3","38","34","3","316","133","40","5","19","43","2","9","42","12","0","0","0","0","0","1","7","0","3","0","0","10","5","2","3","0","0","0","0","0","0","0","0","0","0","0","0","0","0","0","0","0","0","0","1","1",
"0500000US27141","Sherburne County, Minnesota","97183","2820","94363","90411","84761","3648","390","1277","22","313","3952","3788","720","1224","619","29","1082","26","18","3","21","7","0","6","27","3","3","159","57","9","7","7","20","2","3","41","9","0","0","0","2","0","0","1","1","0","0","0","3","2","0","0","1","0","0","0","0","0","0","0","0","0","0","0","2","2","0","0","0","0","0","0","0",
"0500000US27143","Sibley County, Minnesota","14836","1315","13521","13160","12942","81","30","72","10","25","361","345","49","134","47","0","109","0","0","0","2","0","0","0","0","4","0","14","8","1","0","0","0","1","1","0","1","0","0","0","2","0","0","0","0","0","0","0","2","0","0","0","2","0","0","0","0","0","0","0","0","0","0","0","0","0","0","0","0","0","0","0","0",
"0500000US27145","Stearns County, Minnesota","158292","6951","151341","146594","129276","13224","439","3159","61","435","4747","4440","1348","1148","744","51","918","87","46","11","52","4","0","4","14","7","6","276","141","37","14","24","22","0","10","21","0","0","2","0","0","5","0","0","0","0","0","0","31","0","0","16","2","0","0","13","0","0","0","0","0","0","0","0","0","0","0","0","0","0","0","0","0",
"0500000US27147","Steele County, Minnesota","37406","3140","34266","33206","31376","1359","65","330","18","58","1060","1027","272","269","155","5","298","3","6","0","6","1","0","0","8","4","0","28","4","0","3","0","0","0","0","13","3","0","0","2","3","0","0","0","0","0","0","0","5","4","0","0","0","0","0","1","0","0","0","0","0","0","0","0","0","0","0","0","0","0","0","0","0",
"0500000US27149","Stevens County, Minnesota","9671","986","8685","8396","8093","84","110","68","1","40","289","278","29","144","43","2","46","7","4","0","0","1","0","2","0","0","0","9","5","2","0","0","1","0","0","0","0","0","0","0","0","0","0","0","0","0","0","1","2","0","0","0","0","1","0","0","0","0","0","0","1","0","0","0","0","0","0","0","0","0","0","0","0",
"0500000US27151","Swift County, Minnesota","9838","662","9176","8939","8618","79","26","78","133","5","237","225","68","42","22","2","74","1","13","2","0","1","0","0","0","0","0","9","9","0","0","0","0","0","0","0","0","0","0","0","0","0","0","0","0","0","0","0","3","0","0","3","0","0","0","0","0","0","0","0","0","0","0","0","0","0","0","0","0","0","0","0","0",
"0500000US27153","Todd County, Minnesota","25262","2208","23054","22522","22117","95","76","97","72","65","532","505","89","204","57","3","144","4","0","3","0","0","0","0","1","0","0","20","10","0","0","0","0","3","1","0","5","0","0","0","0","0","0","0","1","0","0","0","6","1","0","0","0","5","0","0","0","0","0","0","0","0","0","0","0","0","0","0","0","0","0","1","1",
"0500000US27155","Traverse County, Minnesota","3360","197","3163","3060","2851","21","183","0","0","5","103","98","22","46","17","4","3","0","0","0","0","6","0","0","0","0","0","5","0","0","0","0","1","1","0","0","3","0","0","0","0","0","0","0","0","0","0","0","0","0","0","0","0","0","0","0","0","0","0","0","0","0","0","0","0","0","0","0","0","0","0","0","0",
"0500000US27157","Wabasha County, Minnesota","21387","708","20679","20197","19921","121","32","97","6","20","482","449","49","182","55","1","151","1","6","1","2","0","1","0","0","0","0","29","13","0","0","0","1","0","2","13","0","0","0","0","0","0","0","0","0","0","0","0","0","0","0","0","0","0","0","0","0","0","0","0","0","0","0","0","4","0","4","0","0","0","0","0","0",
"0500000US27159","Wadena County, Minnesota","14065","273","13792","13317","13044","118","73","54","9","19","475","450","84","241","10","1","108","5","0","0","1","0","0","0","0","0","0","22","19","2","0","0","0","0","0","1","0","0","0","0","0","0","0","0","0","0","0","0","3","0","0","3","0","0","0","0","0","0","0","0","0","0","0","0","0","0","0","0","0","0","0","0","0",
"0500000US27161","Waseca County, Minnesota","18968","1271","17697","17132","16538","336","114","111","12","21","565","552","132","180","58","11","159","5","0","1","3","0","0","0","3","0","0","13","4","0","0","1","4","2","0","0","0","0","0","0","0","0","2","0","0","0","0","0","0","0","0","0","0","0","0","0","0","0","0","0","0","0","0","0","0","0","0","0","0","0","0","0","0",
"0500000US27163","Washington County, Minnesota","267568","13094","254474","242646","208277","13799","999","18530","72","969","11828","11199","2620","2721","2574","113","2688","114","134","2","65","18","0","3","105","39","3","586","284","73","9","33","76","2","21","68","5","0","2","0","8","1","4","0","0","0","0","0","28","22","0","0","0","0","2","4","0","0","0","0","0","0","0","0","12","10","2","0","0","0","0","3","3",
"0500000US27165","Watonwan County, Minnesota","11253","3227","8026","7845","7689","42","13","86","0","15","181","176","34","58","31","3","47","0","2","0","0","0","0","0","1","0","0","1","0","0","0","0","0","0","0","0","0","1","0","0","0","0","0","0","0","0","0","0","4","0","0","0","0","0","0","4","0","0","0","0","0","0","0","0","0","0","0","0","0","0","0","0","0",
"0500000US27167","Wilkin County, Minnesota","6506","211","6295","6060","5918","41","87","8","1","5","235","231","25","115","19","0","64","0","0","0","0","6","0","0","0","2","0","4","2","0","0","0","0","0","0","2","0","0","0","0","0","0","0","0","0","0","0","0","0","0","0","0","0","0","0","0","0","0","0","0","0","0","0","0","0","0","0","0","0","0","0","0","0",
"0500000US27169","Winona County, Minnesota","49671","1889","47782","46211","44178","892","84","933","0","124","1571","1495","368","410","249","30","376","18","21","4","11","0","0","0","4","0","4","70","30","9","0","1","6","0","14","6","0","0","0","0","0","0","2","0","0","0","0","2","6","0","0","5","1","0","0","0","0","0","0","0","0","0","0","0","0","0","0","0","0","0","0","0","0",
"0500000US27171","Wright County, Minnesota","141337","4697","136640","131387","126031","2605","331","1877","35","508","5253","5007","1067","1409","1003","34","1354","30","54","4","29","6","0","0","3","14","0","242","122","32","9","19","5","0","12","33","2","0","0","0","3","3","2","0","0","0","0","0","3","0","0","0","1","1","0","0","0","0","0","1","0","0","0","0","1","1","0","0","0","0","0","0","0",
"0500000US27173","Yellow Medicine County, Minnesota","9528","448","9080","8765","8408","48","276","28","1","4","315","280","38","158","21","0","37","13","5","3","2","0","0","2","0","1","0","35","16","9","1","3","1","3","0","1","0","0","0","0","0","0","0","0","0","1","0","0","0","0","0","0","0","0","0","0","0","0","0","0","0","0","0","0","0","0","0","0","0","0","0","0","0",
